Imagename,classlabel
Ni_0007_624.5_360.0.tif,1
Ni_0008_648.5_517.0.tif,1
Ni_0007_415.5_918.0.tif,1
Ni_0007_210.1667_293.5.tif,1
Ni_0008_476.8333_409.1667.tif,1
Ni_0007_611.0_692.5.tif,1
Ni_0007_524.8334_546.1667.tif,1
Ni_0008_755.5_384.5.tif,1
Ni_0008_623.5_434.5.tif,1
Ni_0007_122.1667_438.8333.tif,1
Ni_0007_209.5_961.8333.tif,1
Ni_0008_1001.5_697.5.tif,1
Ni_0007_302.5_735.5.tif,1
Ni_0008_638.0_230.0.tif,1
Ni_0008_396.1667_489.5.tif,1
Ni_0008_1002.5_462.0.tif,1
Ni_0008_558.8334_999.8333.tif,1
Ni_0008_616.1667_500.1667.tif,1
Ni_0008_883.5_966.0.tif,1
Ni_0008_339.1667_863.8334.tif,1
Ni_0008_924.0_45.5.tif,1
Ni_0008_376.1667_110.8333.tif,1
Ni_0008_818.0_423.0.tif,1
Ni_0008_866.5_852.0.tif,1
Ni_0007_248.8333_971.1666.tif,1
Ni_0008_705.5_504.5.tif,1
Ni_0008_720.8333_669.1667.tif,1
Ni_0008_331.5_383.1667.tif,1
Ni_0008_926.0_818.0.tif,1
Ni_0008_372.5_200.5.tif,1
Ni_0007_140.5_775.5.tif,1
Ni_0007_169.5_562.8333.tif,1
Ni_0008_424.5_737.0.tif,1
Ni_0008_993.5_350.0.tif,1
Ni_0008_389.5_419.8333.tif,1
Ni_0007_548.1667_496.8333.tif,1
Ni_0008_611.8333_932.1667.tif,1
Ni_0007_466.8333_116.1667.tif,1
Ni_0008_1017.5_184.0.tif,1
Ni_0007_664.0_913.5.tif,1
Ni_0008_587.5_163.5.tif,1
Ni_0007_83.5_358.8333.tif,1
Ni_0008_452.1667_260.1667.tif,1
Ni_0007_659.5_462.0.tif,1
Ni_0007_112.5_371.5.tif,1
Ni_0007_148.5_447.0.tif,1
Ni_0008_303.8333_696.8334.tif,1
Ni_0007_80.5_694.0.tif,1
Ni_0008_663.5_340.5.tif,1
Ni_0008_727.0_583.5.tif,1
Ni_0008_771.5_384.5.tif,1
Ni_0007_548.1667_321.5.tif,1
Ni_0007_682.5_387.0.tif,1
Ni_0008_183.6672_16.3119.tif,1
Ni_0008_294.1667_205.5.tif,1
Ni_0008_609.1667_979.1667.tif,1
Ni_0007_210.1667_8.1667.tif,1
Ni_0007_16.8333_201.5.tif,1
Ni_0008_568.5_24.0.tif,1
Ni_0007_665.0_389.0.tif,1
Ni_0008_630.1667_683.5.tif,1
Ni_0008_705.0_322.5.tif,1
Ni_0007_207.5_790.5.tif,1
Ni_0008_947.0_399.0.tif,1
Ni_0007_171.5_687.1666.tif,1
Ni_0007_250.1667_143.5.tif,1
Ni_0007_376.8333_101.5.tif,1
Ni_0007_269.5_171.5.tif,1
Ni_0008_642.8333_705.8333.tif,1
Ni_0007_217.0_856.0.tif,1
Ni_0008_441.5_872.5.tif,1
Ni_0007_409.0_764.5.tif,1
Ni_0008_706.5_522.5.tif,1
Ni_0008_1009.1667_573.8333.tif,1
Ni_0007_428.1667_143.8333.tif,1
Ni_0008_492.5_754.5.tif,1
Ni_0008_780.1667_738.1667.tif,1
Ni_0008_700.8333_572.5.tif,1
Ni_0007_73.5_162.5.tif,1
Ni_0007_303.5_472.5.tif,1
Ni_0008_525.5_872.5.tif,1
Ni_0008_508.5_517.0.tif,1
Ni_0008_770.8333_28.8333.tif,1
Ni_0007_47.5_252.8333.tif,1
Ni_0008_536.5_973.1667.tif,1
Ni_0008_470.2343_642.1746.tif,1
Ni_0008_684.0_759.0.tif,1
Ni_0007_141.5_2.8333.tif,1
Ni_0007_328.0_357.5.tif,1
Ni_0008_621.0_406.0.tif,1
Ni_0007_555.0_636.5.tif,1
Ni_0007_666.0_892.0.tif,1
Ni_0007_29.5_309.5.tif,1
Ni_0007_295.5_310.1667.tif,1
Ni_0007_408.8333_598.1666.tif,1
Ni_0007_77.5_177.5.tif,1
Ni_0007_244.8333_81.5.tif,1
Ni_0008_274.5_361.5.tif,1
Ni_0008_994.5_836.0.tif,1
Ni_0008_828.5_348.5.tif,1
Ni_0007_331.5_271.5.tif,1
Ni_0008_70.5_190.8333.tif,1
Ni_0008_354.8333_790.5.tif,1
Ni_0008_622.1667_14.8333.tif,1
Ni_0008_489.3388_618.4851.tif,1
Ni_0007_628.0_621.5.tif,1
Ni_0008_485.0_113.5.tif,1
Ni_0007_137.5_410.8333.tif,1
Ni_0007_431.5_221.5.tif,1
Ni_0008_822.5_324.5.tif,1
Ni_0008_340.8333_223.5.tif,1
Ni_0007_572.5_579.8333.tif,1
Ni_0008_341.8522_939.4403.tif,1
Ni_0007_546.5_473.5.tif,1
Ni_0008_576.0_399.5.tif,1
Ni_0007_667.1666_529.8333.tif,1
Ni_0007_527.5_692.5.tif,1
Ni_0007_735.1667_745.8333.tif,1
Ni_0008_257.5_458.5.tif,1
Ni_0008_452.8333_894.5.tif,1
Ni_0007_615.5_833.8333.tif,1
Ni_0008_927.0_684.0.tif,1
Ni_0008_594.5_284.0.tif,1
Ni_0008_979.5_723.5.tif,1
Ni_0008_478.5_550.0.tif,1
Ni_0008_882.5_612.5.tif,1
Ni_0007_584.8333_520.8333.tif,1
Ni_0007_306.5_281.5.tif,1
Ni_0007_35.5_629.5.tif,1
Ni_0008_951.5_175.5.tif,1
Ni_0007_105.5_130.8333.tif,1
Ni_0008_684.5_422.5.tif,1
Ni_0008_324.1667_437.8333.tif,1
Ni_0007_439.0_581.5.tif,1
Ni_0008_661.5_420.0.tif,1
Ni_0008_474.8194_658.2224.tif,1
Ni_0007_623.5_823.8333.tif,1
Ni_0007_509.5_636.1666.tif,1
Ni_0008_571.1666_613.1667.tif,1
Ni_0008_530.0_169.5.tif,1
Ni_0008_341.5_23.5.tif,1
Ni_0008_490.5_505.5.tif,1
Ni_0008_253.5_172.1667.tif,1
Ni_0008_406.5_59.8333.tif,1
Ni_0007_452.1667_564.1666.tif,1
Ni_0008_494.5_202.5.tif,1
Ni_0008_772.5_531.0.tif,1
Ni_0008_383.5_393.5.tif,1
Ni_0008_659.5_328.5.tif,1
Ni_0008_394.8333_33.5.tif,1
Ni_0008_625.5_80.0.tif,1
Ni_0007_391.5_124.1667.tif,1
Ni_0008_606.1667_188.1667.tif,1
Ni_0007_126.1667_665.1666.tif,1
Ni_0008_307.1667_677.1667.tif,1
Ni_0008_654.5_620.5.tif,1
Ni_0007_591.5_1011.5.tif,1
Ni_0007_196.1667_340.1667.tif,1
Ni_0008_754.1667_996.5.tif,1
Ni_0008_279.5_414.1667.tif,1
Ni_0007_642.0_686.5.tif,1
Ni_0007_238.1667_148.1667.tif,1
Ni_0007_276.0_633.5.tif,1
Ni_0008_656.5_650.5.tif,1
Ni_0007_342.0_895.5.tif,1
Ni_0008_237.5_225.5.tif,1
Ni_0008_774.5_422.5.tif,1
Ni_0007_101.5_544.5.tif,1
Ni_0007_192.5_312.0.tif,1
Ni_0008_596.0_252.0.tif,1
Ni_0007_198.1667_146.8333.tif,1
Ni_0007_548.5_694.5.tif,1
Ni_0007_264.8333_305.5.tif,1
Ni_0008_694.8333_861.1667.tif,1
Ni_0008_916.5_574.5.tif,1
Ni_0008_568.0_193.5.tif,1
Ni_0007_574.5_739.5.tif,1
Ni_0007_500.1667_945.8333.tif,1
Ni_0008_766.5_297.0.tif,1
Ni_0008_523.5_508.0.tif,1
Ni_0008_611.0_562.0.tif,1
Ni_0007_405.5_734.5.tif,1
Ni_0007_703.0_745.5.tif,1
Ni_0008_355.5_330.0.tif,1
Ni_0007_601.5_456.1667.tif,1
Ni_0008_418.5_186.5.tif,1
Ni_0007_195.5_729.8333.tif,1
Ni_0008_855.5_718.1667.tif,1
Ni_0007_609.0_413.5.tif,1
Ni_0008_812.8333_677.5.tif,1
Ni_0008_923.5_928.5.tif,1
Ni_0008_310.5_189.5.tif,1
Ni_0007_706.5_469.1667.tif,1
Ni_0007_724.5_829.5.tif,1
Ni_0008_447.5_845.1667.tif,1
Ni_0008_1003.8333_581.8333.tif,1
Ni_0008_669.5_684.5.tif,1
Ni_0008_891.5_725.0.tif,1
Ni_0007_310.0_877.0.tif,1
Ni_0007_98.5_29.5.tif,1
Ni_0007_519.0_285.5.tif,1
Ni_0007_94.5_537.0.tif,1
Ni_0008_547.4164_956.2522.tif,1
Ni_0008_425.5_860.5.tif,1
Ni_0008_705.0_191.0.tif,1
Ni_0007_646.5_543.5.tif,1
Ni_0007_45.5_404.5.tif,1
Ni_0008_328.5_31.5.tif,1
Ni_0007_328.5_979.5.tif,1
Ni_0008_591.5_570.1667.tif,1
Ni_0008_893.5_808.5.tif,1
Ni_0008_925.5_913.5.tif,1
Ni_0007_668.0_824.0.tif,1
Ni_0007_91.5_468.1667.tif,1
Ni_0008_405.2791_594.0314.tif,1
Ni_0008_103.5_4.5.tif,1
Ni_0008_606.1667_710.5.tif,1
Ni_0008_660.1667_897.8333.tif,1
Ni_0008_539.5_97.5.tif,1
Ni_0008_475.5_800.5.tif,1
Ni_0008_346.0_148.5.tif,1
Ni_0007_362.8333_396.1667.tif,1
Ni_0007_335.0_862.0.tif,1
Ni_0008_833.8333_833.1667.tif,1
Ni_0008_956.5_292.5.tif,1
Ni_0007_383.5_894.0.tif,1
Ni_0008_608.5_45.5.tif,1
Ni_0008_542.5_794.5.tif,1
Ni_0008_496.2164_651.3447.tif,1
Ni_0008_438.5_50.5.tif,1
Ni_0008_641.5_20.1667.tif,1
Ni_0008_918.5_132.5.tif,1
Ni_0008_556.8334_528.8334.tif,1
Ni_0008_819.5_452.5.tif,1
Ni_0007_226.1667_308.1667.tif,1
Ni_0007_468.5_270.0.tif,1
Ni_0008_364.7776_658.2224.tif,1
Ni_0007_251.5_34.8333.tif,1
Ni_0008_906.5_277.1667.tif,1
Ni_0007_183.5_171.5.tif,1
Ni_0008_345.1667_101.8333.tif,1
Ni_0007_584.1667_442.1667.tif,1
Ni_0008_733.5_663.5.tif,1
Ni_0008_111.0701_59.8701.tif,1
Ni_0008_214.5_197.8333.tif,1
Ni_0008_669.5_968.5.tif,1
Ni_0008_376.5_417.8333.tif,1
Ni_0008_1020.5_686.5.tif,1
Ni_0008_370.5_237.1667.tif,1
Ni_0008_736.5_229.5.tif,1
Ni_0008_1007.0_192.0.tif,1
Ni_0007_742.5_706.5.tif,1
Ni_0007_229.5_489.5.tif,1
Ni_0007_452.1667_234.1667.tif,1
Ni_0007_6.5_350.0.tif,1
Ni_0007_590.1666_593.8333.tif,1
Ni_0008_945.0_337.0.tif,1
Ni_0008_313.5_160.0.tif,1
Ni_0008_660.0_273.0.tif,1
Ni_0007_256.0_482.5.tif,1
Ni_0007_516.1666_555.5.tif,1
Ni_0007_544.1667_354.8333.tif,1
Ni_0008_586.8333_509.5.tif,1
Ni_0008_595.0_232.5.tif,1
Ni_0008_193.5_361.5.tif,1
Ni_0007_41.5_289.5.tif,1
Ni_0007_460.8333_178.1667.tif,1
Ni_0008_958.5_411.5.tif,1
Ni_0008_283.5_459.5.tif,1
Ni_0008_409.1_648.2881.tif,1
Ni_0008_499.0_781.0.tif,1
Ni_0007_167.5_653.0.tif,1
Ni_0008_178.1667_637.8334.tif,1
Ni_0008_368.5985_563.4642.tif,1
Ni_0008_499.0_404.5.tif,1
Ni_0008_836.5_862.5.tif,1
Ni_0008_750.8333_936.5.tif,1
Ni_0007_603.0_737.5.tif,1
Ni_0008_157.8333_178.8333.tif,1
Ni_0007_59.5_330.8333.tif,1
Ni_0007_176.0_286.0.tif,1
Ni_0007_373.5_881.0.tif,1
Ni_0007_358.5_608.0.tif,1
Ni_0008_938.5_557.5.tif,1
Ni_0007_352.1667_510.8333.tif,1
Ni_0007_80.0_371.0.tif,1
Ni_0007_620.0_1019.0.tif,1
Ni_0008_517.5_746.1667.tif,1
Ni_0008_309.5_566.5.tif,1
Ni_0007_593.5_226.5.tif,1
Ni_0008_639.8333_753.1667.tif,1
Ni_0007_149.5_863.5.tif,1
Ni_0008_623.5_95.0.tif,1
Ni_0008_770.5_557.5.tif,1
Ni_0007_362.1667_260.1667.tif,1
Ni_0007_548.5_600.5.tif,1
Ni_0008_907.8333_710.8334.tif,1
Ni_0008_598.1667_746.5.tif,1
Ni_0007_404.5_145.8333.tif,1
Ni_0008_477.5_587.5.tif,1
Ni_0008_207.1667_217.5.tif,1
Ni_0007_680.0_787.5.tif,1
Ni_0008_437.0_158.5.tif,1
Ni_0008_393.5_147.5.tif,1
Ni_0007_62.1667_429.5.tif,1
Ni_0008_239.1667_28.5.tif,1
Ni_0008_695.5_640.5.tif,1
Ni_0008_850.0_389.0.tif,1
Ni_0008_699.0_789.5.tif,1
Ni_0008_953.5_221.5.tif,1
Ni_0007_553.5_209.5.tif,1
Ni_0008_608.1667_615.1667.tif,1
Ni_0007_110.0_521.0.tif,1
Ni_0008_626.1667_35.5.tif,1
Ni_0007_199.5_655.1666.tif,1
Ni_0008_708.0_232.0.tif,1
Ni_0007_476.8333_865.8333.tif,1
Ni_0008_950.5_538.0.tif,1
Ni_0008_976.5_344.5.tif,1
Ni_0008_724.5_404.5.tif,1
Ni_0007_548.1667_857.1666.tif,1
Ni_0008_934.0_34.0.tif,1
Ni_0008_423.1667_421.1667.tif,1
Ni_0008_582.5_135.5.tif,1
Ni_0007_564.1667_450.1667.tif,1
Ni_0008_287.5_282.5.tif,1
Ni_0008_622.8333_831.1667.tif,1
Ni_0008_622.0_245.0.tif,1
Ni_0008_782.0_585.5.tif,1
Ni_0008_647.8333_830.5.tif,1
Ni_0008_618.8333_652.5.tif,1
Ni_0008_702.1667_920.5.tif,1
Ni_0007_29.5_645.5.tif,1
Ni_0007_121.5_305.0.tif,1
Ni_0007_597.5_498.0.tif,1
Ni_0008_582.8333_752.5.tif,1
Ni_0008_465.0_467.0.tif,1
Ni_0008_766.5_905.5.tif,1
Ni_0008_919.8333_113.8333.tif,1
Ni_0007_374.5_169.8333.tif,1
Ni_0007_301.5_430.1667.tif,1
Ni_0007_7.5_922.5.tif,1
Ni_0007_223.5_278.1667.tif,1
Ni_0008_453.4224_689.5537.tif,1
Ni_0007_141.5_924.5.tif,1
Ni_0008_446.5_37.5.tif,1
Ni_0007_180.8333_3.5.tif,1
Ni_0007_661.0_344.5.tif,1
Ni_0007_661.1667_707.1666.tif,1
Ni_0008_437.0_68.0.tif,1
Ni_0007_87.5_629.5.tif,1
Ni_0008_264.1667_24.8333.tif,1
Ni_0007_156.1667_98.1667.tif,1
Ni_0008_640.0_495.5.tif,1
Ni_0008_515.5_279.5.tif,1
Ni_0008_722.8333_782.5.tif,1
Ni_0008_314.5_25.5.tif,1
Ni_0008_422.091_581.0403.tif,1
Ni_0007_157.5_125.5.tif,1
Ni_0007_297.5_908.5.tif,1
Ni_0007_701.0_873.5.tif,1
Ni_0007_379.5_517.5.tif,1
Ni_0007_300.0_756.0.tif,1
Ni_0008_455.0_477.5.tif,1
Ni_0007_6.8333_520.8333.tif,1
Ni_0007_86.5_504.0.tif,1
Ni_0008_777.5_263.5.tif,1
Ni_0007_610.8333_907.1666.tif,1
Ni_0008_851.5_864.5.tif,1
Ni_0007_256.1667_177.5.tif,1
Ni_0007_265.0_894.5.tif,1
Ni_0007_637.5_748.0.tif,1
Ni_0008_542.5_730.5.tif,1
Ni_0008_816.5_286.5.tif,1
Ni_0007_413.5_90.8333.tif,1
Ni_0008_693.5_31.5.tif,1
Ni_0008_566.5_796.5.tif,1
Ni_0007_160.5_587.5.tif,1
Ni_0008_474.0_818.5.tif,1
Ni_0007_263.5_224.8333.tif,1
Ni_0007_246.0_671.5.tif,1
Ni_0008_704.1667_709.1667.tif,1
Ni_0007_649.5_382.5.tif,1
Ni_0007_582.1667_326.8333.tif,1
Ni_0008_405.8333_33.1667.tif,1
Ni_0008_357.5_364.5.tif,1
Ni_0007_665.5_370.5.tif,1
Ni_0007_171.5_48.8333.tif,1
Ni_0007_208.1667_604.1666.tif,1
Ni_0007_496.8333_562.1666.tif,1
Ni_0007_614.8333_880.5.tif,1
Ni_0007_308.1667_60.8333.tif,1
Ni_0008_536.0_191.5.tif,1
Ni_0007_116.0_752.0.tif,1
Ni_0007_62.1667_445.5.tif,1
Ni_0008_569.0_417.0.tif,1
Ni_0008_709.0_297.5.tif,1
Ni_0008_399.5_256.1667.tif,1
Ni_0008_827.5_754.5.tif,1
Ni_0007_337.0_212.5.tif,1
Ni_0007_653.0_661.5.tif,1
Ni_0007_22.5_849.0.tif,1
Ni_0007_200.5_276.5.tif,1
Ni_0007_717.5_822.5.tif,1
Ni_0008_460.8333_295.1667.tif,1
Ni_0008_108.5_15.5.tif,1
Ni_0007_593.5_632.5.tif,1
Ni_0008_766.5_345.5.tif,1
Ni_0007_276.5_262.8333.tif,1
Ni_0007_405.5_348.8333.tif,1
Ni_0007_307.5_99.5.tif,1
Ni_0008_469.0_340.5.tif,1
Ni_0008_779.5_208.5.tif,1
Ni_0008_178.1667_684.5.tif,1
Ni_0007_471.0_690.0.tif,1
Ni_0008_337.5_482.1667.tif,1
Ni_0008_406.0_337.5.tif,1
Ni_0008_724.8333_735.8334.tif,1
Ni_0008_429.5_322.5.tif,1
Ni_0008_792.5_225.5.tif,1
Ni_0007_656.5_852.0.tif,1
Ni_0008_561.5_808.1667.tif,1
Ni_0008_843.1667_363.1667.tif,1
Ni_0008_682.5_795.5.tif,1
Ni_0007_128.8333_242.1667.tif,1
Ni_0007_610.1667_345.5.tif,1
Ni_0007_687.0_906.5.tif,1
Ni_0007_214.5_411.0.tif,1
Ni_0008_335.5_340.0.tif,1
Ni_0008_698.8333_959.1667.tif,1
Ni_0008_701.5_471.5.tif,1
Ni_0007_263.5_865.0.tif,1
Ni_0007_136.1667_907.1666.tif,1
Ni_0007_328.8333_445.5.tif,1
Ni_0008_548.5_279.5.tif,1
Ni_0008_711.5_71.5.tif,1
Ni_0008_983.5_745.5.tif,1
Ni_0007_166.1667_140.8333.tif,1
Ni_0008_549.1666_611.1667.tif,1
Ni_0008_97.5_159.8333.tif,1
Ni_0007_454.1667_789.1666.tif,1
Ni_0007_581.5_384.8333.tif,1
Ni_0008_966.0_734.5.tif,1
Ni_0007_470.8333_310.8333.tif,1
Ni_0008_789.5_798.8334.tif,1
Ni_0008_65.9836_50.7.tif,1
Ni_0008_990.5_473.0.tif,1
Ni_0008_381.8333_303.1667.tif,1
Ni_0008_548.1666_485.5.tif,1
Ni_0007_334.5_22.5.tif,1
Ni_0007_88.0_761.0.tif,1
Ni_0008_680.5_197.5.tif,1
Ni_0008_844.5_512.5.tif,1
Ni_0007_569.5_848.5.tif,1
Ni_0008_310.5_102.1667.tif,1
Ni_0007_652.5_496.5.tif,1
Ni_0008_454.5_552.0.tif,1
Ni_0007_64.8333_189.5.tif,1
Ni_0008_754.5_591.0.tif,1
Ni_0008_529.5_224.0.tif,1
Ni_0008_621.8333_803.5.tif,1
Ni_0008_249.5_355.5.tif,1
Ni_0008_662.0_556.5.tif,1
Ni_0008_798.5_686.5.tif,1
Ni_0007_351.0_742.5.tif,1
Ni_0008_384.1667_360.8333.tif,1
Ni_0008_659.5_709.1667.tif,1
Ni_0008_794.5_696.0.tif,1
Ni_0007_71.5_859.1666.tif,1
Ni_0007_414.1667_634.8333.tif,1
Ni_0008_408.3358_574.1627.tif,1
Ni_0008_519.0_585.5.tif,1
Ni_0008_383.8333_330.8333.tif,1
Ni_0008_512.5_880.5.tif,1
Ni_0007_518.8334_338.8333.tif,1
Ni_0008_165.1667_43.5.tif,1
Ni_0008_867.1667_647.1667.tif,1
Ni_0008_926.0_464.5.tif,1
Ni_0008_759.8333_816.5.tif,1
Ni_0008_378.5_467.1667.tif,1
Ni_0007_116.1667_162.1667.tif,1
Ni_0008_994.5_740.5.tif,1
Ni_0007_251.5_410.8333.tif,1
Ni_0007_512.8333_580.8333.tif,1
Ni_0008_553.5_420.5.tif,1
Ni_0008_217.5_259.5.tif,1
Ni_0007_136.1667_120.8333.tif,1
Ni_0008_737.8333_896.5.tif,1
Ni_0008_842.0_407.5.tif,1
Ni_0007_134.1667_202.1667.tif,1
Ni_0007_592.1667_368.1667.tif,1
Ni_0008_91.8333_176.8333.tif,1
Ni_0008_659.8333_771.8334.tif,1
Ni_0007_244.0_844.5.tif,1
Ni_0008_683.0_531.0.tif,1
Ni_0007_178.1667_139.5.tif,1
Ni_0008_240.8333_888.5.tif,1
Ni_0008_724.1667_908.5.tif,1
Ni_0007_315.5_249.5.tif,1
Ni_0008_890.0_1010.0.tif,1
Ni_0007_327.0_31.5.tif,1
Ni_0007_485.0_816.5.tif,1
Ni_0008_457.5_36.5.tif,1
Ni_0008_492.8333_284.1667.tif,1
Ni_0007_405.5_546.8333.tif,1
Ni_0007_393.0_225.5.tif,1
Ni_0007_452.1667_496.8333.tif,1
Ni_0007_275.0_475.0.tif,1
Ni_0008_771.1667_711.5.tif,1
Ni_0007_83.5_827.8333.tif,1
Ni_0008_403.8333_384.8333.tif,1
Ni_0008_435.5_461.1667.tif,1
Ni_0007_102.5_975.5.tif,1
Ni_0007_248.5_469.5.tif,1
Ni_0007_45.5_299.5.tif,1
Ni_0007_632.0_454.5.tif,1
Ni_0008_199.7149_128.6463.tif,1
Ni_0007_291.5_11.5.tif,1
Ni_0008_613.0_327.0.tif,1
Ni_0008_348.7299_620.0134.tif,1
Ni_0008_590.1667_837.8333.tif,1
Ni_0008_364.1667_742.8334.tif,1
Ni_0007_605.5_981.1667.tif,1
Ni_0008_1014.5_198.0.tif,1
Ni_0007_86.1667_331.5.tif,1
Ni_0007_260.1667_95.5.tif,1
Ni_0007_318.0_747.0.tif,1
Ni_0008_415.5_2.5.tif,1
Ni_0007_346.8333_414.8333.tif,1
Ni_0007_373.5_468.5.tif,1
Ni_0008_399.9298_552.0015.tif,1
Ni_0008_1015.5_11.5.tif,1
Ni_0007_51.0_637.5.tif,1
Ni_0008_885.1667_637.8333.tif,1
Ni_0008_586.8333_492.8333.tif,1
Ni_0007_316.0_200.0.tif,1
Ni_0007_159.5_420.0.tif,1
Ni_0007_631.0_786.0.tif,1
Ni_0007_167.5_27.5.tif,1
Ni_0007_496.0_728.0.tif,1
Ni_0007_379.5_56.1667.tif,1
Ni_0008_804.5_511.0.tif,1
Ni_0008_355.1667_393.8333.tif,1
Ni_0007_263.5_459.5.tif,1
Ni_0008_659.5_390.0.tif,1
Ni_0008_150.8333_708.5.tif,1
Ni_0008_387.5_172.5.tif,1
Ni_0007_320.5_9.0.tif,1
Ni_0008_405.5_356.0.tif,1
Ni_0007_95.5_166.8333.tif,1
Ni_0007_256.5_536.0.tif,1
Ni_0008_204.1667_653.1667.tif,1
Ni_0008_351.8333_460.1667.tif,1
Ni_0008_714.5_637.5.tif,1
Ni_0008_240.8333_195.1667.tif,1
Ni_0007_197.5_400.8333.tif,1
Ni_0008_206.8333_235.8333.tif,1
Ni_0007_48.8333_135.5.tif,1
Ni_0007_101.0_1021.0.tif,1
Ni_0007_502.1667_543.5.tif,1
Ni_0007_244.0_359.0.tif,1
Ni_0007_103.0_571.5.tif,1
Ni_0007_526.5_568.8333.tif,1
Ni_0007_422.8333_100.8333.tif,1
Ni_0007_591.1666_689.5.tif,1
Ni_0007_109.5_224.1667.tif,1
Ni_0007_438.8333_728.5.tif,1
Ni_0008_1008.0_838.5.tif,1
Ni_0007_458.8333_371.1667.tif,1
Ni_0007_536.1666_505.5.tif,1
Ni_0008_649.5_953.8333.tif,1
Ni_0008_847.5_484.0.tif,1
Ni_0007_182.1667_92.1667.tif,1
Ni_0008_597.5_762.5.tif,1
Ni_0008_790.0_182.0.tif,1
Ni_0007_212.0_482.0.tif,1
Ni_0008_894.5_820.0.tif,1
Ni_0008_659.5_865.5.tif,1
Ni_0007_398.0_772.5.tif,1
Ni_0007_387.5_301.5.tif,1
Ni_0007_394.1667_408.1667.tif,1
Ni_0007_427.5_331.5.tif,1
Ni_0008_120.5_4.5.tif,1
Ni_0007_200.0_236.0.tif,1
Ni_0008_956.5_54.0.tif,1
Ni_0007_198.1667_192.1667.tif,1
Ni_0007_554.1666_548.8333.tif,1
Ni_0007_129.5_690.0.tif,1
Ni_0008_554.5_125.5.tif,1
Ni_0007_399.5_436.8333.tif,1
Ni_0008_857.1667_367.8333.tif,1
Ni_0007_102.1667_330.5.tif,1
Ni_0008_528.0_440.0.tif,1
Ni_0008_238.1667_771.8333.tif,1
Ni_0008_640.5_456.0.tif,1
Ni_0007_531.8333_241.5.tif,1
Ni_0007_717.0_783.5.tif,1
Ni_0008_646.0_286.0.tif,1
Ni_0007_102.5_992.5.tif,1
Ni_0008_975.5_77.0.tif,1
Ni_0008_331.5_598.8333.tif,1
Ni_0008_427.4403_687.2612.tif,1
Ni_0007_227.0_435.0.tif,1
Ni_0007_752.0_732.5.tif,1
Ni_0007_244.5_47.5.tif,1
Ni_0007_423.5_290.5.tif,1
Ni_0008_495.5_433.5.tif,1
Ni_0007_366.1667_498.8333.tif,1
Ni_0008_461.0_353.5.tif,1
Ni_0007_473.5_642.0.tif,1
Ni_0008_802.5_860.5.tif,1
Ni_0007_650.0_789.0.tif,1
Ni_0008_462.0_230.0.tif,1
Ni_0007_96.0_305.0.tif,1
Ni_0008_381.1667_51.8333.tif,1
Ni_0007_540.8334_928.5.tif,1
Ni_0008_136.1667_227.8333.tif,1
Ni_0008_117.9478_30.8313.tif,1
Ni_0007_661.5_937.1666.tif,1
Ni_0007_231.5_834.5.tif,1
Ni_0007_748.0_758.0.tif,1
Ni_0008_616.0_4.0.tif,1
Ni_0008_466.5_431.0.tif,1
Ni_0008_830.5_92.5.tif,1
Ni_0008_612.5_687.5.tif,1
Ni_0007_468.8333_212.1667.tif,1
Ni_0008_885.5_946.5.tif,1
Ni_0008_770.0_592.5.tif,1
Ni_0008_276.1667_7.5.tif,1
Ni_0007_155.5_60.0.tif,1
Ni_0007_112.0_4.5.tif,1
Ni_0008_1001.5_364.0.tif,1
Ni_0008_765.5_227.0.tif,1
Ni_0007_604.1666_679.1667.tif,1
Ni_0008_875.1667_578.5.tif,1
Ni_0007_416.5_265.5.tif,1
Ni_0007_281.5_346.1667.tif,1
Ni_0008_264.5_210.1667.tif,1
Ni_0007_576.1667_921.1666.tif,1
Ni_0007_488.1667_296.1667.tif,1
Ni_0008_513.5_559.5.tif,1
Ni_0008_575.0_316.5.tif,1
Ni_0008_291.5_127.5.tif,1
Ni_0008_748.5_579.5.tif,1
Ni_0008_871.1667_166.5.tif,1
Ni_0007_328.8333_102.1667.tif,1
Ni_0007_48.5_108.5.tif,1
Ni_0008_520.5_836.5.tif,1
Ni_0007_35.5_859.0.tif,1
Ni_0007_515.0_1008.0.tif,1
Ni_0008_737.5_111.0.tif,1
Ni_0007_536.5_222.1667.tif,1
Ni_0008_296.8333_833.8333.tif,1
Ni_0007_172.5_866.0.tif,1
Ni_0008_508.5_191.5.tif,1
Ni_0007_214.0_567.0.tif,1
Ni_0008_574.8334_544.8334.tif,1
Ni_0007_271.5_189.5.tif,1
Ni_0007_453.5_601.5.tif,1
Ni_0007_689.8333_482.5.tif,1
Ni_0008_404.5_194.5.tif,1
Ni_0007_613.5_487.5.tif,1
Ni_0008_790.5_272.5.tif,1
Ni_0008_426.5_173.5.tif,1
Ni_0008_303.1667_214.1667.tif,1
Ni_0008_291.4164_988.3478.tif,1
Ni_0008_809.5_467.5.tif,1
Ni_0007_582.0_951.0.tif,1
Ni_0008_580.2761_914.9866.tif,1
Ni_0008_148.5149_29.303.tif,1
Ni_0008_649.0_67.5.tif,1
Ni_0008_769.5_545.5.tif,1
Ni_0008_797.0_708.5.tif,1
Ni_0007_304.0_229.0.tif,1
Ni_0008_861.8333_58.5.tif,1
Ni_0008_467.0_67.0.tif,1
Ni_0008_509.0_916.5.tif,1
Ni_0007_12.5_82.5.tif,1
Ni_0008_909.5_864.0.tif,1
Ni_0008_660.0_50.0.tif,1
Ni_0008_857.5_413.0.tif,1
Ni_0007_187.5_249.5.tif,1
Ni_0007_640.1667_942.5.tif,1
Ni_0007_53.5_838.5.tif,1
Ni_0008_949.5_141.5.tif,1
Ni_0008_238.8333_122.8333.tif,1
Ni_0007_152.1667_167.5.tif,1
Ni_0007_489.0_656.5.tif,1
Ni_0007_650_689.tif,0
Ni_0008_28_677.tif,0
Ni_0008_852_766.tif,0
Ni_0007_82_998.tif,0
Ni_0008_269_104.tif,0
Ni_0008_177_61.tif,0
Ni_0007_102_889.tif,0
Ni_0007_804_857.tif,0
Ni_0007_800_344.tif,0
Ni_0007_887_949.tif,0
Ni_0007_613_393.tif,0
Ni_0007_325_329.tif,0
Ni_0007_871_21.tif,0
Ni_0007_749_75.tif,0
Ni_0008_960_771.tif,0
Ni_0008_912_739.tif,0
Ni_0007_392_57.tif,0
Ni_0007_315_619.tif,0
Ni_0007_52_974.tif,0
Ni_0008_300_221.tif,0
Ni_0007_323_233.tif,0
Ni_0008_179_331.tif,0
Ni_0007_546_611.tif,0
Ni_0008_796_83.tif,0
Ni_0007_121_317.tif,0
Ni_0008_18_145.tif,0
Ni_0007_106_506.tif,0
Ni_0008_334_152.tif,0
Ni_0007_932_889.tif,0
Ni_0008_905_183.tif,0
Ni_0007_752_456.tif,0
Ni_0007_537_789.tif,0
Ni_0008_237_412.tif,0
Ni_0007_51_496.tif,0
Ni_0007_815_113.tif,0
Ni_0007_286_626.tif,0
Ni_0007_247_71.tif,0
Ni_0008_767_411.tif,0
Ni_0008_182_122.tif,0
Ni_0008_286_187.tif,0
Ni_0007_144_212.tif,0
Ni_0007_4_570.tif,0
Ni_0007_478_67.tif,0
Ni_0008_515_132.tif,0
Ni_0007_816_799.tif,0
Ni_0008_362_295.tif,0
Ni_0007_973_752.tif,0
Ni_0008_617_756.tif,0
Ni_0007_672_303.tif,0
Ni_0008_382_715.tif,0
Ni_0008_734_604.tif,0
Ni_0007_448_351.tif,0
Ni_0008_18_447.tif,0
Ni_0007_501_748.tif,0
Ni_0008_783_391.tif,0
Ni_0008_902_177.tif,0
Ni_0008_174_351.tif,0
Ni_0008_914_883.tif,0
Ni_0008_494_830.tif,0
Ni_0007_289_967.tif,0
Ni_0007_76_320.tif,0
Ni_0007_977_285.tif,0
Ni_0008_927_849.tif,0
Ni_0008_411_224.tif,0
Ni_0007_11_362.tif,0
Ni_0008_945_290.tif,0
Ni_0008_79_267.tif,0
Ni_0008_33_0.tif,0
Ni_0008_104_569.tif,0
Ni_0008_377_304.tif,0
Ni_0008_651_167.tif,0
Ni_0008_666_638.tif,0
Ni_0008_277_23.tif,0
Ni_0007_292_324.tif,0
Ni_0008_549_224.tif,0
Ni_0007_395_787.tif,0
Ni_0008_734_14.tif,0
Ni_0008_99_186.tif,0
Ni_0007_1001_453.tif,0
Ni_0007_839_668.tif,0
Ni_0007_606_473.tif,0
Ni_0007_504_209.tif,0
Ni_0007_21_491.tif,0
Ni_0008_338_33.tif,0
Ni_0007_672_479.tif,0
Ni_0007_175_707.tif,0
Ni_0007_788_873.tif,0
Ni_0008_770_901.tif,0
Ni_0007_878_54.tif,0
Ni_0008_433_888.tif,0
Ni_0008_420_742.tif,0
Ni_0007_132_541.tif,0
Ni_0008_226_679.tif,0
Ni_0007_259_490.tif,0
Ni_0008_638_959.tif,0
Ni_0007_910_546.tif,0
Ni_0008_1020_819.tif,0
Ni_0008_457_973.tif,0
Ni_0007_40_71.tif,0
Ni_0007_232_913.tif,0
Ni_0007_111_982.tif,0
Ni_0007_585_402.tif,0
Ni_0007_857_205.tif,0
Ni_0007_785_33.tif,0
Ni_0007_984_499.tif,0
Ni_0007_239_648.tif,0
Ni_0008_666_925.tif,0
Ni_0008_132_305.tif,0
Ni_0007_488_814.tif,0
Ni_0007_752_874.tif,0
Ni_0008_584_181.tif,0
Ni_0008_474_1007.tif,0
Ni_0008_691_649.tif,0
Ni_0008_257_30.tif,0
Ni_0007_257_957.tif,0
Ni_0008_472_658.tif,0
Ni_0008_616_723.tif,0
Ni_0008_955_718.tif,0
Ni_0008_477_976.tif,0
Ni_0008_963_211.tif,0
Ni_0008_213_648.tif,0
Ni_0008_937_482.tif,0
Ni_0007_574_925.tif,0
Ni_0008_768_262.tif,0
Ni_0008_463_92.tif,0
Ni_0008_453_951.tif,0
Ni_0008_487_434.tif,0
Ni_0007_141_896.tif,0
Ni_0008_364_932.tif,0
Ni_0007_594_662.tif,0
Ni_0007_227_339.tif,0
Ni_0008_135_11.tif,0
Ni_0008_311_890.tif,0
Ni_0008_834_228.tif,0
Ni_0008_724_1018.tif,0
Ni_0007_847_590.tif,0
Ni_0008_733_799.tif,0
Ni_0008_708_498.tif,0
Ni_0008_67_947.tif,0
Ni_0008_915_794.tif,0
Ni_0007_7_695.tif,0
Ni_0007_174_796.tif,0
Ni_0007_972_306.tif,0
Ni_0008_402_700.tif,0
Ni_0008_705_937.tif,0
Ni_0008_252_102.tif,0
Ni_0007_654_731.tif,0
Ni_0008_937_190.tif,0
Ni_0007_1007_671.tif,0
Ni_0008_195_19.tif,0
Ni_0008_27_908.tif,0
Ni_0007_512_23.tif,0
Ni_0007_631_143.tif,0
Ni_0008_233_85.tif,0
Ni_0007_74_380.tif,0
Ni_0008_270_147.tif,0
Ni_0008_498_71.tif,0
Ni_0008_140_92.tif,0
Ni_0008_855_62.tif,0
Ni_0008_383_914.tif,0
Ni_0007_71_916.tif,0
Ni_0007_267_839.tif,0
Ni_0007_8_765.tif,0
Ni_0008_725_606.tif,0
Ni_0007_754_455.tif,0
Ni_0008_319_965.tif,0
Ni_0008_969_777.tif,0
Ni_0007_111_285.tif,0
Ni_0008_120_403.tif,0
Ni_0007_784_570.tif,0
Ni_0008_987_675.tif,0
Ni_0008_584_388.tif,0
Ni_0008_98_434.tif,0
Ni_0007_862_860.tif,0
Ni_0008_774_191.tif,0
Ni_0008_860_216.tif,0
Ni_0007_779_338.tif,0
Ni_0007_81_982.tif,0
Ni_0008_142_301.tif,0
Ni_0008_490_175.tif,0
Ni_0007_184_476.tif,0
Ni_0008_738_398.tif,0
Ni_0007_7_255.tif,0
Ni_0007_49_631.tif,0
Ni_0007_176_820.tif,0
Ni_0007_345_753.tif,0
Ni_0008_1009_685.tif,0
Ni_0007_244_775.tif,0
Ni_0007_694_482.tif,0
Ni_0008_726_178.tif,0
Ni_0007_829_759.tif,0
Ni_0008_267_628.tif,0
Ni_0007_783_279.tif,0
Ni_0008_0_213.tif,0
Ni_0007_312_832.tif,0
Ni_0007_962_542.tif,0
Ni_0007_786_575.tif,0
Ni_0008_994_248.tif,0
Ni_0008_39_579.tif,0
Ni_0008_479_493.tif,0
Ni_0007_969_554.tif,0
Ni_0008_172_240.tif,0
Ni_0007_394_570.tif,0
Ni_0007_615_14.tif,0
Ni_0007_159_773.tif,0
Ni_0008_196_898.tif,0
Ni_0007_618_299.tif,0
Ni_0007_611_282.tif,0
Ni_0008_654_792.tif,0
Ni_0007_125_367.tif,0
Ni_0008_426_70.tif,0
Ni_0008_111_995.tif,0
Ni_0007_65_178.tif,0
Ni_0007_701_597.tif,0
Ni_0007_943_753.tif,0
Ni_0008_860_414.tif,0
Ni_0007_347_732.tif,0
Ni_0008_840_780.tif,0
Ni_0007_609_805.tif,0
Ni_0007_976_793.tif,0
Ni_0007_649_557.tif,0
Ni_0007_389_253.tif,0
Ni_0007_30_982.tif,0
Ni_0008_274_264.tif,0
Ni_0008_192_968.tif,0
Ni_0007_681_225.tif,0
Ni_0008_431_648.tif,0
Ni_0007_58_973.tif,0
Ni_0008_647_520.tif,0
Ni_0007_524_160.tif,0
Ni_0008_714_165.tif,0
Ni_0008_992_1015.tif,0
Ni_0008_266_64.tif,0
Ni_0007_854_434.tif,0
Ni_0008_396_201.tif,0
Ni_0008_835_928.tif,0
Ni_0007_775_697.tif,0
Ni_0008_777_10.tif,0
Ni_0008_376_260.tif,0
Ni_0008_749_321.tif,0
Ni_0008_733_219.tif,0
Ni_0008_576_966.tif,0
Ni_0007_383_967.tif,0
Ni_0008_667_911.tif,0
Ni_0008_702_228.tif,0
Ni_0007_837_567.tif,0
Ni_0007_717_761.tif,0
Ni_0007_71_309.tif,0
Ni_0007_507_253.tif,0
Ni_0007_648_665.tif,0
Ni_0008_860_959.tif,0
Ni_0008_224_262.tif,0
Ni_0008_837_382.tif,0
Ni_0008_658_142.tif,0
Ni_0008_453_837.tif,0
Ni_0007_958_612.tif,0
Ni_0008_932_625.tif,0
Ni_0007_654_241.tif,0
Ni_0007_813_738.tif,0
Ni_0007_502_56.tif,0
Ni_0008_245_315.tif,0
Ni_0007_220_51.tif,0
Ni_0008_351_492.tif,0
Ni_0007_900_485.tif,0
Ni_0007_577_400.tif,0
Ni_0008_583_207.tif,0
Ni_0008_801_648.tif,0
Ni_0007_714_777.tif,0
Ni_0008_235_978.tif,0
Ni_0008_854_220.tif,0
Ni_0007_22_672.tif,0
Ni_0007_183_174.tif,0
Ni_0007_825_207.tif,0
Ni_0008_134_416.tif,0
Ni_0008_456_223.tif,0
Ni_0008_817_307.tif,0
Ni_0008_518_717.tif,0
Ni_0008_400_366.tif,0
Ni_0008_905_254.tif,0
Ni_0008_994_190.tif,0
Ni_0008_616_286.tif,0
Ni_0008_150_779.tif,0
Ni_0008_874_356.tif,0
Ni_0007_63_402.tif,0
Ni_0007_68_115.tif,0
Ni_0007_859_793.tif,0
Ni_0007_363_523.tif,0
Ni_0007_795_852.tif,0
Ni_0008_271_605.tif,0
Ni_0007_817_1000.tif,0
Ni_0007_425_879.tif,0
Ni_0008_891_422.tif,0
Ni_0008_650_294.tif,0
Ni_0008_535_918.tif,0
Ni_0007_951_368.tif,0
Ni_0008_720_7.tif,0
Ni_0008_13_31.tif,0
Ni_0007_323_266.tif,0
Ni_0007_384_484.tif,0
Ni_0008_802_407.tif,0
Ni_0007_64_351.tif,0
Ni_0007_826_135.tif,0
Ni_0007_56_825.tif,0
Ni_0008_855_63.tif,0
Ni_0007_754_908.tif,0
Ni_0007_699_269.tif,0
Ni_0008_906_475.tif,0
Ni_0007_453_458.tif,0
Ni_0007_433_510.tif,0
Ni_0007_373_923.tif,0
Ni_0008_66_92.tif,0
Ni_0007_1006_911.tif,0
Ni_0008_1017_170.tif,0
Ni_0007_942_34.tif,0
Ni_0008_108_266.tif,0
Ni_0007_908_264.tif,0
Ni_0008_412_581.tif,0
Ni_0008_896_389.tif,0
Ni_0008_535_5.tif,0
Ni_0008_970_370.tif,0
Ni_0008_878_869.tif,0
Ni_0008_1007_112.tif,0
Ni_0008_341_869.tif,0
Ni_0008_574_282.tif,0
Ni_0007_910_391.tif,0
Ni_0007_733_55.tif,0
Ni_0008_255_527.tif,0
Ni_0008_979_707.tif,0
Ni_0007_907_936.tif,0
Ni_0008_677_194.tif,0
Ni_0008_775_367.tif,0
Ni_0008_856_476.tif,0
Ni_0008_636_160.tif,0
Ni_0008_876_541.tif,0
Ni_0007_1008_255.tif,0
Ni_0008_549_161.tif,0
Ni_0007_651_404.tif,0
Ni_0008_604_914.tif,0
Ni_0007_368_178.tif,0
Ni_0008_746_766.tif,0
Ni_0007_943_332.tif,0
Ni_0007_718_163.tif,0
Ni_0008_87_551.tif,0
Ni_0008_861_275.tif,0
Ni_0008_315_452.tif,0
Ni_0007_795_352.tif,0
Ni_0007_710_965.tif,0
Ni_0008_119_502.tif,0
Ni_0008_237_518.tif,0
Ni_0008_786_202.tif,0
Ni_0008_600_32.tif,0
Ni_0007_514_150.tif,0
Ni_0008_210_893.tif,0
Ni_0008_229_354.tif,0
Ni_0007_796_920.tif,0
Ni_0008_880_287.tif,0
Ni_0007_992_835.tif,0
Ni_0008_616_447.tif,0
Ni_0008_102_596.tif,0
Ni_0007_897_994.tif,0
Ni_0008_784_397.tif,0
Ni_0008_758_451.tif,0
Ni_0007_47_779.tif,0
Ni_0007_624_571.tif,0
Ni_0007_988_434.tif,0
Ni_0007_143_912.tif,0
Ni_0007_558_911.tif,0
Ni_0008_926_454.tif,0
Ni_0008_930_379.tif,0
Ni_0008_57_205.tif,0
Ni_0008_90_174.tif,0
Ni_0008_646_941.tif,0
Ni_0008_784_524.tif,0
Ni_0007_692_486.tif,0
Ni_0008_500_153.tif,0
Ni_0008_314_910.tif,0
Ni_0007_949_660.tif,0
Ni_0008_747_48.tif,0
Ni_0008_906_944.tif,0
Ni_0008_845_106.tif,0
Ni_0007_324_975.tif,0
Ni_0007_123_869.tif,0
Ni_0008_65_538.tif,0
Ni_0007_548_968.tif,0
Ni_0008_802_4.tif,0
Ni_0008_701_854.tif,0
Ni_0008_431_346.tif,0
Ni_0008_389_20.tif,0
Ni_0007_798_475.tif,0
Ni_0008_228_489.tif,0
Ni_0007_220_879.tif,0
Ni_0008_329_483.tif,0
Ni_0008_199_384.tif,0
Ni_0007_991_766.tif,0
Ni_0008_197_750.tif,0
Ni_0007_828_769.tif,0
Ni_0007_188_702.tif,0
Ni_0007_827_67.tif,0
Ni_0008_341_351.tif,0
Ni_0007_577_329.tif,0
Ni_0008_917_995.tif,0
Ni_0007_99_921.tif,0
Ni_0008_873_737.tif,0
Ni_0007_110_27.tif,0
Ni_0008_335_227.tif,0
Ni_0008_82_644.tif,0
Ni_0007_543_841.tif,0
Ni_0007_109_167.tif,0
Ni_0008_615_961.tif,0
Ni_0007_380_836.tif,0
Ni_0008_982_668.tif,0
Ni_0007_293_948.tif,0
Ni_0008_392_193.tif,0
Ni_0007_104_821.tif,0
Ni_0008_484_16.tif,0
Ni_0007_1016_734.tif,0
Ni_0008_988_721.tif,0
Ni_0008_447_976.tif,0
Ni_0007_776_172.tif,0
Ni_0008_57_262.tif,0
Ni_0008_236_506.tif,0
Ni_0008_768_749.tif,0
Ni_0008_726_878.tif,0
Ni_0008_46_268.tif,0
Ni_0007_336_1005.tif,0
Ni_0007_925_502.tif,0
Ni_0008_893_595.tif,0
Ni_0007_345_957.tif,0
Ni_0007_441_248.tif,0
Ni_0007_401_841.tif,0
Ni_0007_450_901.tif,0
Ni_0007_314_916.tif,0
Ni_0008_995_989.tif,0
Ni_0008_613_530.tif,0
Ni_0007_506_123.tif,0
Ni_0007_696_825.tif,0
Ni_0008_12_92.tif,0
Ni_0008_1010_599.tif,0
Ni_0008_813_178.tif,0
Ni_0008_939_646.tif,0
Ni_0007_36_126.tif,0
Ni_0007_96_108.tif,0
Ni_0007_990_284.tif,0
Ni_0007_634_651.tif,0
Ni_0008_26_170.tif,0
Ni_0007_871_429.tif,0
Ni_0008_542_206.tif,0
Ni_0007_81_445.tif,0
Ni_0007_64_661.tif,0
Ni_0007_320_314.tif,0
Ni_0008_657_521.tif,0
Ni_0008_917_498.tif,0
Ni_0007_347_301.tif,0
Ni_0007_351_854.tif,0
Ni_0008_517_346.tif,0
Ni_0007_110_13.tif,0
Ni_0008_19_849.tif,0
Ni_0007_994_166.tif,0
Ni_0007_179_758.tif,0
Ni_0008_874_998.tif,0
Ni_0007_353_368.tif,0
Ni_0007_731_941.tif,0
Ni_0007_474_999.tif,0
Ni_0008_148_508.tif,0
Ni_0007_236_80.tif,0
Ni_0008_921_328.tif,0
Ni_0008_492_974.tif,0
Ni_0008_444_795.tif,0
Ni_0007_74_779.tif,0
Ni_0007_945_911.tif,0
Ni_0008_551_628.tif,0
Ni_0007_502_236.tif,0
Ni_0007_65_104.tif,0
Ni_0007_726_332.tif,0
Ni_0007_445_747.tif,0
Ni_0008_895_30.tif,0
Ni_0007_726_477.tif,0
Ni_0008_652_679.tif,0
Ni_0007_680_263.tif,0
Ni_0008_463_367.tif,0
Ni_0008_970_657.tif,0
Ni_0008_268_396.tif,0
Ni_0008_359_893.tif,0
Ni_0008_86_1003.tif,0
Ni_0008_527_488.tif,0
Ni_0008_687_117.tif,0
Ni_0008_70_816.tif,0
Ni_0007_882_784.tif,0
Ni_0007_668_687.tif,0
Ni_0007_668_289.tif,0
Ni_0008_659_531.tif,0
Ni_0007_581_731.tif,0
Ni_0007_851_411.tif,0
Ni_0008_560_339.tif,0
Ni_0008_387_65.tif,0
Ni_0008_945_590.tif,0
Ni_0008_681_700.tif,0
Ni_0007_68_188.tif,0
Ni_0007_787_316.tif,0
Ni_0007_107_903.tif,0
Ni_0008_407_122.tif,0
Ni_0008_498_7.tif,0
Ni_0007_1015_871.tif,0
Ni_0007_812_82.tif,0
Ni_0007_204_297.tif,0
Ni_0007_880_559.tif,0
Ni_0007_695_490.tif,0
Ni_0007_520_601.tif,0
Ni_0008_795_40.tif,0
Ni_0008_784_567.tif,0
Ni_0007_605_619.tif,0
Ni_0007_353_974.tif,0
Ni_0008_600_344.tif,0
Ni_0007_182_761.tif,0
Ni_0008_707_554.tif,0
Ni_0007_737_422.tif,0
Ni_0007_327_600.tif,0
Ni_0008_362_536.tif,0
Ni_0008_167_541.tif,0
Ni_0008_488_668.tif,0
Ni_0007_135_628.tif,0
Ni_0007_617_874.tif,0
Ni_0008_514_765.tif,0
Ni_0008_348_912.tif,0
Ni_0007_669_870.tif,0
Ni_0008_264_10.tif,0
Ni_0008_975_778.tif,0
Ni_0008_685_38.tif,0
Ni_0008_908_844.tif,0
Ni_0008_833_311.tif,0
Ni_0007_243_84.tif,0
Ni_0007_763_125.tif,0
Ni_0007_562_883.tif,0
Ni_0007_261_81.tif,0
Ni_0008_338_590.tif,0
Ni_0008_600_916.tif,0
Ni_0008_93_747.tif,0
Ni_0008_981_356.tif,0
Ni_0008_281_369.tif,0
Ni_0008_630_485.tif,0
Ni_0007_582_339.tif,0
Ni_0007_517_475.tif,0
Ni_0007_715_826.tif,0
Ni_0007_836_1018.tif,0
Ni_0008_185_642.tif,0
Ni_0007_252_29.tif,0
Ni_0007_419_85.tif,0
Ni_0007_346_150.tif,0
Ni_0008_951_478.tif,0
Ni_0007_793_542.tif,0
Ni_0007_383_68.tif,0
Ni_0008_1005_425.tif,0
Ni_0008_675_801.tif,0
Ni_0008_889_1002.tif,0
Ni_0008_786_909.tif,0
Ni_0008_444_117.tif,0
Ni_0007_861_522.tif,0
Ni_0007_949_1020.tif,0
Ni_0008_115_496.tif,0
Ni_0007_565_602.tif,0
Ni_0007_45_98.tif,0
Ni_0008_16_595.tif,0
Ni_0008_832_384.tif,0
Ni_0007_857_283.tif,0
Ni_0007_816_349.tif,0
Ni_0008_443_454.tif,0
Ni_0007_935_980.tif,0
Ni_0007_798_503.tif,0
Ni_0007_29_109.tif,0
Ni_0007_418_804.tif,0
Ni_0008_182_104.tif,0
Ni_0007_786_141.tif,0
Ni_0008_270_285.tif,0
Ni_0007_42_296.tif,0
Ni_0008_150_923.tif,0
Ni_0007_600_162.tif,0
Ni_0007_765_901.tif,0
Ni_0007_497_917.tif,0
Ni_0007_449_612.tif,0
Ni_0007_56_852.tif,0
Ni_0008_539_538.tif,0
Ni_0007_502_112.tif,0
Ni_0007_172_834.tif,0
Ni_0008_770_197.tif,0
Ni_0008_108_200.tif,0
Ni_0007_908_638.tif,0
Ni_0008_797_193.tif,0
Ni_0008_949_267.tif,0
Ni_0007_56_856.tif,0
Ni_0008_284_85.tif,0
Ni_0007_393_150.tif,0
Ni_0007_402_26.tif,0
Ni_0008_461_318.tif,0
Ni_0007_459_411.tif,0
Ni_0007_24_233.tif,0
Ni_0007_865_250.tif,0
Ni_0007_690_515.tif,0
Ni_0007_818_960.tif,0
Ni_0008_946_968.tif,0
Ni_0007_36_369.tif,0
Ni_0007_239_506.tif,0
Ni_0008_247_551.tif,0
Ni_0007_49_699.tif,0
Ni_0007_678_868.tif,0
Ni_0007_45_861.tif,0
Ni_0008_740_506.tif,0
Ni_0007_516_976.tif,0
Ni_0008_618_218.tif,0
Ni_0007_841_789.tif,0
Ni_0008_925_744.tif,0
Ni_0007_723_288.tif,0
Ni_0007_35_402.tif,0
Ni_0007_798_501.tif,0
Ni_0008_448_832.tif,0
Ni_0007_631_722.tif,0
Ni_0008_824_352.tif,0
Ni_0008_272_222.tif,0
Ni_0008_173_693.tif,0
Ni_0007_70_279.tif,0
Ni_0007_420_592.tif,0
Ni_0007_135_1002.tif,0
Ni_0007_1013_867.tif,0
Ni_0007_25_779.tif,0
Ni_0007_662_215.tif,0
Ni_0008_934_689.tif,0
Ni_0007_803_977.tif,0
Ni_0008_981_592.tif,0
Ni_0007_810_997.tif,0
Ni_0007_886_992.tif,0
Ni_0008_1020_797.tif,0
Ni_0007_23_373.tif,0
Ni_0008_109_947.tif,0
Ni_0007_703_197.tif,0
Ni_0008_153_260.tif,0
Ni_0007_265_87.tif,0
Ni_0008_501_978.tif,0
Ni_0007_10_22.tif,0
Ni_0008_306_490.tif,0
Ni_0007_873_349.tif,0
Ni_0007_75_107.tif,0
Ni_0008_573_287.tif,0
Ni_0007_837_912.tif,0
Ni_0007_766_579.tif,0
Ni_0007_874_760.tif,0
Ni_0007_822_319.tif,0
Ni_0007_372_698.tif,0
Ni_0007_360_912.tif,0
Ni_0007_314_0.tif,0
Ni_0007_788_7.tif,0
Ni_0007_647_795.tif,0
Ni_0008_186_20.tif,0
Ni_0008_631_1020.tif,0
Ni_0008_227_615.tif,0
Ni_0007_818_420.tif,0
Ni_0007_431_1017.tif,0
Ni_0007_804_454.tif,0
Ni_0007_54_74.tif,0
Ni_0008_55_818.tif,0
Ni_0007_968_233.tif,0
Ni_0008_393_79.tif,0
Ni_0007_456_819.tif,0
Ni_0007_134_730.tif,0
Ni_0007_453_899.tif,0
Ni_0008_788_953.tif,0
Ni_0008_173_615.tif,0
Ni_0008_111_724.tif,0
Ni_0008_323_786.tif,0
Ni_0007_933_747.tif,0
Ni_0008_107_1005.tif,0
Ni_0008_933_831.tif,0
Ni_0007_224_289.tif,0
Ni_0008_936_827.tif,0
Ni_0007_16_721.tif,0
Ni_0007_728_869.tif,0
Ni_0008_306_82.tif,0
Ni_0008_670_781.tif,0
Ni_0007_294_709.tif,0
Ni_0007_778_604.tif,0
Ni_0007_391_794.tif,0
Ni_0007_430_964.tif,0
Ni_0008_260_799.tif,0
Ni_0008_469_243.tif,0
Ni_0008_916_911.tif,0
Ni_0007_922_445.tif,0
Ni_0008_74_38.tif,0
Ni_0008_793_579.tif,0
Ni_0008_482_47.tif,0
Ni_0007_543_972.tif,0
Ni_0008_1006_115.tif,0
Ni_0007_808_764.tif,0
Ni_0008_239_93.tif,0
Ni_0008_125_903.tif,0
Ni_0008_762_155.tif,0
Ni_0008_629_392.tif,0
Ni_0008_315_357.tif,0
Ni_0008_859_877.tif,0
Ni_0007_534_389.tif,0
Ni_0007_763_939.tif,0
Ni_0008_331_887.tif,0
Ni_0008_145_541.tif,0
Ni_0007_115_436.tif,0
Ni_0007_106_825.tif,0
Ni_0007_237_242.tif,0
Ni_0007_145_348.tif,0
Ni_0008_430_969.tif,0
Ni_0008_192_740.tif,0
Ni_0007_647_376.tif,0
Ni_0007_438_104.tif,0
Ni_0008_199_149.tif,0
Ni_0007_468_616.tif,0
Ni_0008_571_74.tif,0
Ni_0007_629_403.tif,0
Ni_0008_53_725.tif,0
Ni_0007_639_439.tif,0
Ni_0007_959_473.tif,0
Ni_0008_472_562.tif,0
Ni_0007_347_887.tif,0
Ni_0008_316_893.tif,0
Ni_0007_595_329.tif,0
Ni_0007_1023_403.tif,0
Ni_0007_625_488.tif,0
Ni_0008_932_516.tif,0
Ni_0008_27_356.tif,0
Ni_0008_100_922.tif,0
Ni_0008_172_707.tif,0
Ni_0007_317_418.tif,0
Ni_0007_80_522.tif,0
Ni_0007_824_959.tif,0
Ni_0008_900_134.tif,0
Ni_0007_111_69.tif,0
Ni_0008_867_724.tif,0
Ni_0007_613_594.tif,0
Ni_0007_221_195.tif,0
Ni_0008_743_794.tif,0
Ni_0007_614_256.tif,0
Ni_0008_171_643.tif,0
Ni_0008_113_887.tif,0
Ni_0007_243_784.tif,0
Ni_0008_123_937.tif,0
Ni_0008_959_814.tif,0
Ni_0007_184_579.tif,0
Ni_0008_46_22.tif,0
Ni_0007_9_647.tif,0
Ni_0007_72_323.tif,0
Ni_0008_520_750.tif,0
Ni_0008_974_328.tif,0
Ni_0007_814_1005.tif,0
Ni_0007_177_437.tif,0
Ni_0008_1003_395.tif,0
Ni_0008_687_124.tif,0
Ni_0008_734_933.tif,0
Ni_0007_405_531.tif,0
Ni_0007_568_412.tif,0
Ni_0008_537_839.tif,0
Ni_0008_909_658.tif,0
Ni_0008_409_819.tif,0
Ni_0008_549_881.tif,0
Ni_0008_1006_841.tif,0
Ni_0008_791_809.tif,0
Ni_0008_982_509.tif,0
Ni_0007_832_487.tif,0
Ni_0007_388_277.tif,0
Ni_0007_462_150.tif,0
Ni_0007_290_603.tif,0
Ni_0007_652_417.tif,0
Ni_0008_749_264.tif,0
Ni_0007_988_245.tif,0
Ni_0008_952_986.tif,0
Ni_0008_982_103.tif,0
Ni_0008_807_690.tif,0
Ni_0007_640_397.tif,0
Ni_0007_29_672.tif,0
Ni_0008_772_67.tif,0
Ni_0008_911_614.tif,0
Ni_0007_90_978.tif,0
Ni_0007_165_306.tif,0
Ni_0008_599_587.tif,0
Ni_0007_31_513.tif,0
Ni_0007_838_988.tif,0
Ni_0008_322_131.tif,0
Ni_0008_788_70.tif,0
Ni_0007_721_889.tif,0
Ni_0007_795_844.tif,0
Ni_0007_144_119.tif,0
Ni_0008_142_137.tif,0
Ni_0007_900_77.tif,0
Ni_0007_615_505.tif,0
Ni_0007_349_876.tif,0
Ni_0008_774_974.tif,0
Ni_0007_665_340.tif,0
Ni_0008_1_290.tif,0
Ni_0007_558_265.tif,0
Ni_0007_564_230.tif,0
Ni_0008_670_228.tif,0
Ni_0008_339_633.tif,0
Ni_0007_610_567.tif,0
Ni_0007_949_438.tif,0
Ni_0007_759_527.tif,0
Ni_0007_940_1009.tif,0
Ni_0008_869_328.tif,0
Ni_0007_925_94.tif,0
Ni_0008_894_228.tif,0
Ni_0007_581_199.tif,0
Ni_0007_953_111.tif,0
Ni_0007_575_267.tif,0
Ni_0008_835_761.tif,0
Ni_0007_569_116.tif,0
Ni_0007_607_99.tif,0
Ni_0008_799_594.tif,0
Ni_0008_838_162.tif,0
Ni_0008_288_111.tif,0
Ni_0007_195_858.tif,0
Ni_0008_56_131.tif,0
Ni_0008_779_343.tif,0
Ni_0007_529_290.tif,0
Ni_0008_34_6.tif,0
Ni_0007_339_219.tif,0
Ni_0007_73_741.tif,0
Ni_0007_499_814.tif,0
Ni_0008_865_79.tif,0
Ni_0007_773_905.tif,0
Ni_0008_890_900.tif,0
Ni_0007_780_746.tif,0
Ni_0008_801_464.tif,0
Ni_0008_890_481.tif,0
Ni_0008_648_1016.tif,0
Ni_0008_314_849.tif,0
Ni_0008_1023_829.tif,0
Ni_0007_656_976.tif,0
Ni_0008_125_803.tif,0
Ni_0008_507_251.tif,0
Ni_0008_577_218.tif,0
Ni_0008_640_77.tif,0
Ni_0008_504_362.tif,0
Ni_0007_912_939.tif,0
Ni_0008_715_690.tif,0
Ni_0008_107_970.tif,0
Ni_0007_207_988.tif,0
Ni_0007_458_842.tif,0
Ni_0008_535_518.tif,0
Ni_0007_605_759.tif,0
Ni_0007_651_976.tif,0
Ni_0008_455_230.tif,0
Ni_0007_547_746.tif,0
Ni_0007_199_570.tif,0
Ni_0008_470_666.tif,0
Ni_0008_410_533.tif,0
Ni_0008_914_6.tif,0
Ni_0007_1005_32.tif,0
Ni_0008_493_565.tif,0
Ni_0007_727_666.tif,0
Ni_0007_999_204.tif,0
Ni_0007_902_961.tif,0
Ni_0008_77_499.tif,0
Ni_0007_852_458.tif,0
Ni_0008_656_53.tif,0
Ni_0008_310_76.tif,0
Ni_0008_560_718.tif,0
Ni_0008_399_128.tif,0
Ni_0008_809_591.tif,0
Ni_0008_808_402.tif,0
Ni_0007_39_547.tif,0
Ni_0008_497_72.tif,0
Ni_0007_632_994.tif,0
Ni_0008_965_112.tif,0
Ni_0008_813_593.tif,0
Ni_0008_953_55.tif,0
Ni_0008_831_932.tif,0
Ni_0007_943_838.tif,0
Ni_0007_977_9.tif,0
Ni_0007_932_244.tif,0
Ni_0008_451_146.tif,0
Ni_0007_853_877.tif,0
Ni_0008_298_486.tif,0
Ni_0008_669_193.tif,0
Ni_0007_351_517.tif,0
Ni_0008_333_773.tif,0
Ni_0008_473_726.tif,0
Ni_0007_83_938.tif,0
Ni_0007_930_53.tif,0
Ni_0008_320_229.tif,0
Ni_0008_715_558.tif,0
Ni_0008_117_322.tif,0
Ni_0007_677_926.tif,0
Ni_0007_613_237.tif,0
Ni_0007_773_312.tif,0
Ni_0008_212_654.tif,0
Ni_0007_565_12.tif,0
Ni_0008_255_15.tif,0
Ni_0008_491_224.tif,0
Ni_0008_775_277.tif,0
Ni_0008_87_694.tif,0
Ni_0007_496_243.tif,0
Ni_0008_225_54.tif,0
Ni_0007_150_5.tif,0
Ni_0007_206_37.tif,0
Ni_0007_930_863.tif,0
Ni_0008_450_146.tif,0
Ni_0008_768_913.tif,0
Ni_0008_38_1013.tif,0
Ni_0007_791_905.tif,0
Ni_0008_645_804.tif,0
Ni_0008_238_505.tif,0
Ni_0008_790_95.tif,0
Ni_0008_254_85.tif,0
Ni_0007_43_354.tif,0
Ni_0008_261_159.tif,0
Ni_0007_948_68.tif,0
Ni_0007_590_326.tif,0
Ni_0007_215_567.tif,0
Ni_0008_134_457.tif,0
Ni_0008_886_533.tif,0
Ni_0008_1_628.tif,0
Ni_0008_528_1009.tif,0
Ni_0007_964_426.tif,0
Ni_0008_523_911.tif,0
Ni_0008_125_849.tif,0
Ni_0007_204_265.tif,0
Ni_0007_783_981.tif,0
Ni_0007_45_901.tif,0
Ni_0008_604_109.tif,0
Ni_0007_138_390.tif,0
Ni_0008_520_527.tif,0
Ni_0008_212_98.tif,0
Ni_0008_514_62.tif,0
Ni_0007_1009_240.tif,0
Ni_0008_888_619.tif,0
Ni_0008_228_285.tif,0
Ni_0007_325_405.tif,0
Ni_0008_669_848.tif,0
Ni_0008_490_497.tif,0
Ni_0007_299_161.tif,0
Ni_0007_1_447.tif,0
Ni_0008_318_226.tif,0
Ni_0008_377_353.tif,0
Ni_0007_404.8333_814.5.tif,1
Ni_0008_281.5_58.1667.tif,1
Ni_0007_8.1667_235.5.tif,1
Ni_0008_620.8333_742.5.tif,1
Ni_0008_492.0_151.5.tif,1
Ni_0007_101.5_356.1667.tif,1
Ni_0008_826.0_394.5.tif,1
Ni_0008_279.5_337.5.tif,1
Ni_0007_79.0_281.0.tif,1
Ni_0008_806.5_304.5.tif,1
Ni_0008_790.5_899.5.tif,1
Ni_0007_553.5_746.5.tif,1
Ni_0008_195.1667_176.5.tif,1
Ni_0007_236.8333_531.1667.tif,1
Ni_0007_555.0_245.0.tif,1
Ni_0008_140.8731_34.6522.tif,1
Ni_0007_97.5_423.5.tif,1
Ni_0008_984.0_915.5.tif,1
Ni_0008_293.5_667.1667.tif,1
Ni_0007_56.1667_348.1667.tif,1
Ni_0008_983.5_275.5.tif,1
Ni_0008_537.0_645.0.tif,1
Ni_0007_381.5_766.0.tif,1
Ni_0007_693.5_815.5.tif,1
Ni_0008_186.5_626.5.tif,1
Ni_0008_909.0_966.0.tif,1
Ni_0008_691.0_185.5.tif,1
Ni_0008_876.5_685.1667.tif,1
Ni_0008_701.5_260.5.tif,1
Ni_0008_317.5_62.1667.tif,1
Ni_0008_956.0_86.0.tif,1
Ni_0008_852.5_628.5.tif,1
Ni_0007_366.0_770.5.tif,1
Ni_0007_319.5_455.5.tif,1
Ni_0007_443.5_393.5.tif,1
Ni_0007_27.5_76.5.tif,1
Ni_0008_331.1667_236.8333.tif,1
Ni_0008_384.5_350.5.tif,1
Ni_0008_599.0_654.5.tif,1
Ni_0008_212.8333_83.5.tif,1
Ni_0008_520.5_414.5.tif,1
Ni_0007_296.8333_414.1667.tif,1
Ni_0008_253.5_481.5.tif,1
Ni_0008_429.5_251.5.tif,1
Ni_0008_555.5_329.5.tif,1
Ni_0008_649.5_869.1667.tif,1
Ni_0007_41.5_508.8333.tif,1
Ni_0007_118.8333_51.5.tif,1
Ni_0007_646.8333_957.8333.tif,1
Ni_0008_351.1667_405.5.tif,1
Ni_0008_286.5_322.5.tif,1
Ni_0008_149.5_1.5.tif,1
Ni_0008_99.6075_28.5388.tif,1
Ni_0007_231.5_921.5.tif,1
Ni_0007_603.0_658.0.tif,1
Ni_0008_763.0_100.0.tif,1
Ni_0008_420.8333_226.1667.tif,1
Ni_0008_559.5_273.5.tif,1
Ni_0008_456.0_152.5.tif,1
Ni_0008_736.1667_886.5.tif,1
Ni_0008_851.5_249.0.tif,1
Ni_0008_974.5_639.1667.tif,1
Ni_0008_608.5_382.0.tif,1
Ni_0007_166.1667_934.5.tif,1
Ni_0007_274.8333_134.8333.tif,1
Ni_0008_431.0_565.0.tif,1
Ni_0007_206.1667_543.5.tif,1
Ni_0007_147.5_896.0.tif,1
Ni_0007_364.1667_76.8333.tif,1
Ni_0008_531.5_108.5.tif,1
Ni_0008_731.1667_828.1667.tif,1
Ni_0008_813.5_561.5.tif,1
Ni_0008_233.1667_571.1667.tif,1
Ni_0008_415.9776_944.0254.tif,1
Ni_0008_1017.5_707.5.tif,1
Ni_0007_274.1667_119.5.tif,1
Ni_0008_81.2672_33.1239.tif,1
Ni_0008_744.5_545.0.tif,1
Ni_0008_390.7597_552.7657.tif,1
Ni_0007_351.0_782.0.tif,1
Ni_0007_242.8333_288.1667.tif,1
Ni_0008_234.5_590.8334.tif,1
Ni_0007_29_400.tif,0
Ni_0008_495_573.tif,0
Ni_0007_127_415.tif,0
Ni_0008_628_418.tif,0
Ni_0007_324_148.tif,0
Ni_0007_415_232.tif,0
Ni_0008_10_729.tif,0
Ni_0007_449_33.tif,0
Ni_0007_358_232.tif,0
Ni_0007_147_481.tif,0
Ni_0007_74_793.tif,0
Ni_0008_375_366.tif,0
Ni_0008_137_539.tif,0
Ni_0007_675_443.tif,0
Ni_0007_594_865.tif,0
Ni_0008_768_0.tif,0
Ni_0008_614_213.tif,0
Ni_0007_1_348.tif,0
Ni_0007_981_972.tif,0
Ni_0007_256_130.tif,0
Ni_0008_278_438.tif,0
Ni_0007_761_845.tif,0
Ni_0007_49_322.tif,0
Ni_0008_122_411.tif,0
Ni_0007_87_769.tif,0
Ni_0008_156_363.tif,0
Ni_0008_423_245.tif,0
Ni_0008_169_922.tif,0
Ni_0007_254_65.tif,0
Ni_0008_660_574.tif,0
Ni_0007_478_487.tif,0
Ni_0008_541_354.tif,0
Ni_0007_672_298.tif,0
Ni_0007_306_797.tif,0
Ni_0008_598_448.tif,0
Ni_0007_178_648.tif,0
Ni_0007_160_209.tif,0
Ni_0007_35_471.tif,0
Ni_0007_268_599.tif,0
Ni_0007_21_869.tif,0
Ni_0008_565_885.tif,0
Ni_0008_1023_347.tif,0
Ni_0007_350_787.tif,0
Ni_0007_381_153.tif,0
Ni_0008_435_173.tif,0
Ni_0008_978_130.tif,0
Ni_0007_307_702.tif,0
Ni_0007_476_179.tif,0
Ni_0008_172_9.tif,0
Ni_0007_796_546.tif,0
Ni_0007_878_143.tif,0
Ni_0007_678_863.tif,0
Ni_0008_359_797.tif,0
Ni_0008_197_624.tif,0
Ni_0007_235_759.tif,0
Ni_0008_717_839.tif,0
Ni_0008_758_958.tif,0
Ni_0008_435_257.tif,0
Ni_0007_348_864.tif,0
Ni_0008_342_700.tif,0
Ni_0007_660_420.tif,0
Ni_0008_443_784.tif,0
Ni_0007_679_371.tif,0
Ni_0007_6_225.tif,0
Ni_0008_39_771.tif,0
Ni_0007_642_12.tif,0
Ni_0008_645_519.tif,0
Ni_0008_355_4.tif,0
Ni_0007_670_326.tif,0
Ni_0008_583_833.tif,0
Ni_0008_927_89.tif,0
Ni_0007_154_317.tif,0
Ni_0007_649_373.tif,0
Ni_0007_63_90.tif,0
Ni_0007_616_870.tif,0
Ni_0007_675_966.tif,0
Ni_0008_384_1006.tif,0
Ni_0007_93_858.tif,0
Ni_0007_739_652.tif,0
Ni_0008_261_72.tif,0
Ni_0008_498_335.tif,0
Ni_0007_23_990.tif,0
Ni_0008_634_294.tif,0
Ni_0007_59_969.tif,0
Ni_0008_390_301.tif,0
Ni_0007_134_842.tif,0
Ni_0007_588_318.tif,0
Ni_0008_190_638.tif,0
Ni_0007_224_69.tif,0
Ni_0008_644_235.tif,0
Ni_0007_918_356.tif,0
Ni_0007_831_42.tif,0
Ni_0007_198_304.tif,0
Ni_0008_943_870.tif,0
Ni_0007_798_600.tif,0
Ni_0007_307_963.tif,0
Ni_0007_677_73.tif,0
Ni_0008_288_199.tif,0
Ni_0007_725_87.tif,0
Ni_0007_387_934.tif,0
Ni_0008_850_332.tif,0
Ni_0007_592_135.tif,0
Ni_0008_640_189.tif,0
Ni_0007_188_297.tif,0
Ni_0007_262_985.tif,0
Ni_0008_413_751.tif,0
Ni_0008_72_958.tif,0
Ni_0008_695_969.tif,0
Ni_0008_265_375.tif,0
Ni_0008_953_326.tif,0
Ni_0007_290_164.tif,0
Ni_0008_465_864.tif,0
Ni_0008_815_802.tif,0
Ni_0008_307_51.tif,0
Ni_0008_721_958.tif,0
Ni_0007_156_5.tif,0
Ni_0008_493_141.tif,0
Ni_0007_575_380.tif,0
Ni_0008_925_752.tif,0
Ni_0008_71_37.tif,0
Ni_0008_370.1667_836.5.tif,1
Ni_0007_254.8333_791.8333.tif,1
Ni_0007_79.5_324.1667.tif,1
Ni_0007_683.8333_519.8333.tif,1
Ni_0007_528.8333_827.8333.tif,1
Ni_0007_631.0_707.0.tif,1
Ni_0008_809.0_109.0.tif,1
Ni_0008_589.0_435.0.tif,1
Ni_0007_370.5_746.0.tif,1
Ni_0007_369.5_185.5.tif,1
Ni_0007_528.5_455.0.tif,1
Ni_0007_544.8333_397.5.tif,1
Ni_0008_454.5_51.5.tif,1
Ni_0008_174.1667_165.5.tif,1
Ni_0007_511.5_868.5.tif,1
Ni_0007_132.5_609.5.tif,1
Ni_0007_663.5_619.0.tif,1
Ni_0008_897.5_511.5.tif,1
Ni_0007_506.5_211.5.tif,1
Ni_0008_507.0_800.0.tif,1
Ni_0008_490.5_59.5.tif,1
Ni_0008_385.4105_571.106.tif,1
Ni_0008_842.5_418.0.tif,1
Ni_0008_770.0_57.5.tif,1
Ni_0008_315.8333_397.8333.tif,1
Ni_0007_171.5_330.8333.tif,1
Ni_0008_930.0_411.5.tif,1
Ni_0008_445.5_104.0.tif,1
Ni_0008_204.5_205.8333.tif,1
Ni_0007_213.5_625.0.tif,1
Ni_0007_631.5_897.1666.tif,1
Ni_0008_478.5_261.0.tif,1
Ni_0007_138.1667_424.8333.tif,1
Ni_0008_760.5_501.5.tif,1
Ni_0007_188.1667_206.8333.tif,1
Ni_0007_271.5_107.5.tif,1
Ni_0007_446.5_827.5.tif,1
Ni_0007_322.5_652.5.tif,1
Ni_0008_967.1667_663.1667.tif,1
Ni_0007_9.5_258.1667.tif,1
Ni_0008_975.0_831.5.tif,1
Ni_0008_593.5_466.5.tif,1
Ni_0008_573.5_867.1667.tif,1
Ni_0008_212.706_30.0672.tif,1
Ni_0007_673.1667_669.8333.tif,1
Ni_0007_462.0_247.0.tif,1
Ni_0007_218.8333_128.8333.tif,1
Ni_0008_556.8334_516.1667.tif,1
Ni_0008_393.0522_689.5537.tif,1
Ni_0008_570.5_59.5.tif,1
Ni_0007_161.5_468.5.tif,1
Ni_0008_606.1667_514.8333.tif,1
Ni_0007_480.8333_946.5.tif,1
Ni_0008_730.5_292.5.tif,1
Ni_0007_643.8333_505.8333.tif,1
Ni_0008_598.1667_527.5.tif,1
Ni_0007_585.1666_552.1667.tif,1
Ni_0007_628.8333_586.1667.tif,1
Ni_0008_508.8333_22.8333.tif,1
Ni_0008_230.8333_47.1667.tif,1
Ni_0008_944.5_419.5.tif,1
Ni_0008_342.1667_268.8333.tif,1
Ni_0008_680.5_379.0.tif,1
Ni_0007_143.5_753.5.tif,1
Ni_0007_597.5_827.8333.tif,1
Ni_0007_129.5_104.1667.tif,1
Ni_0007_156.0_435.5.tif,1
Ni_0008_398.5_72.1667.tif,1
Ni_0008_434.1667_401.1667.tif,1
Ni_0007_109.0_923.0.tif,1
Ni_0007_188.0_639.0.tif,1
Ni_0007_616.8333_533.5.tif,1
Ni_0007_529.5_674.0.tif,1
Ni_0007_612.5_424.0.tif,1
Ni_0008_665.5_262.5.tif,1
Ni_0008_390.7597_671.9775.tif,1
Ni_0007_272.1667_371.5.tif,1
Ni_0008_332.0_47.0.tif,1
Ni_0008_940.0_88.5.tif,1
Ni_0007_561.1666_728.5.tif,1
Ni_0007_615.5_580.8333.tif,1
Ni_0007_217.0_206.5.tif,1
Ni_0008_802.5_588.0.tif,1
Ni_0007_418.8333_484.1667.tif,1
Ni_0008_258.8333_92.8333.tif,1
Ni_0008_470.0_6.5.tif,1
Ni_0008_523.8334_769.5.tif,1
Ni_0008_685.0_497.5.tif,1
Ni_0007_66.5_575.5.tif,1
Ni_0007_393.0_931.5.tif,1
Ni_0007_253.5_372.8333.tif,1
Ni_0007_166_882.tif,0
Ni_0007_726_905.tif,0
Ni_0007_1007_894.tif,0
Ni_0007_673_324.tif,0
Ni_0007_908_370.tif,0
Ni_0008_898_133.tif,0
Ni_0007_4_303.tif,0
Ni_0008_1014_477.tif,0
Ni_0008_805_244.tif,0
Ni_0007_721_606.tif,0
Ni_0007_860_622.tif,0
Ni_0008_648_588.tif,0
Ni_0008_27_599.tif,0
Ni_0007_476_885.tif,0
Ni_0007_775_701.tif,0
Ni_0007_279_906.tif,0
Ni_0008_902_38.tif,0
Ni_0008_801_312.tif,0
Ni_0007_584_249.tif,0
Ni_0007_208_859.tif,0
Ni_0007_62_457.tif,0
Ni_0007_155_544.tif,0
Ni_0008_493_706.tif,0
Ni_0007_705_968.tif,0
Ni_0008_477_301.tif,0
Ni_0008_997_693.tif,0
Ni_0008_190_469.tif,0
Ni_0008_734_656.tif,0
Ni_0008_377_252.tif,0
Ni_0007_932_460.tif,0
Ni_0007_383_879.tif,0
Ni_0008_252_467.tif,0
Ni_0008_250_134.tif,0
Ni_0007_337_127.tif,0
Ni_0007_521_296.tif,0
Ni_0008_64_677.tif,0
Ni_0008_15_844.tif,0
Ni_0007_194_978.tif,0
Ni_0008_161_919.tif,0
Ni_0007_204_158.tif,0
Ni_0007_950_555.tif,0
Ni_0008_929_1023.tif,0
Ni_0007_43_469.tif,0
Ni_0008_66_198.tif,0
Ni_0008_435_226.tif,0
Ni_0007_991_970.tif,0
Ni_0007_722_90.tif,0
Ni_0007_1016_335.tif,0
Ni_0008_942_860.tif,0
Ni_0008_383_475.tif,0
Ni_0007_672_638.tif,0
Ni_0008_421_507.tif,0
Ni_0007_422_851.tif,0
Ni_0007_205_157.tif,0
Ni_0007_421_194.tif,0
Ni_0008_371_572.tif,0
Ni_0007_511_506.tif,0
Ni_0007_505_473.tif,0
Ni_0008_499_988.tif,0
Ni_0007_824_276.tif,0
Ni_0007_673_1011.tif,0
Ni_0007_723_695.tif,0
Ni_0008_53_904.tif,0
Ni_0008_422_120.tif,0
Ni_0008_863_1021.tif,0
Ni_0007_163_202.tif,0
Ni_0008_1006_297.tif,0
Ni_0008_275_394.tif,0
Ni_0007_968_663.tif,0
Ni_0008_109_719.tif,0
Ni_0007_826_363.tif,0
Ni_0007_542_919.tif,0
Ni_0007_336_803.tif,0
Ni_0008_644_291.tif,0
Ni_0008_900_198.tif,0
Ni_0008_133_314.tif,0
Ni_0007_473_969.tif,0
Ni_0008_597_627.tif,0
Ni_0007_759_8.tif,0
Ni_0008_355_169.tif,0
Ni_0007_260_479.tif,0
Ni_0007_369_833.tif,0
Ni_0008_1001_108.tif,0
Ni_0007_803_437.tif,0
Ni_0008_92_286.tif,0
Ni_0008_534_698.tif,0
Ni_0007_106_356.tif,0
Ni_0007_538_433.tif,0
Ni_0007_241_801.tif,0
Ni_0008_661_169.tif,0
Ni_0007_848_704.tif,0
Ni_0007_502_956.tif,0
Ni_0007_290_669.tif,0
Ni_0007_550_893.tif,0
Ni_0008_611_51.tif,0
Ni_0008_1014_609.tif,0
Ni_0008_502_371.tif,0
Ni_0008_876_423.tif,0
Ni_0008_642_827.tif,0
Ni_0008_61_63.tif,0
Ni_0008_536_621.tif,0
Ni_0007_303_933.tif,0
Ni_0007_544_47.tif,0
Ni_0008_1012_1004.tif,0
Ni_0008_35_758.tif,0
Ni_0008_747_453.tif,0
Ni_0007_296_784.tif,0
Ni_0007_495_915.tif,0
Ni_0007_885_732.tif,0
Ni_0007_20_664.tif,0
Ni_0007_846_989.tif,0
